City_ID,City,Lat,Lng,Max Temp,Humidity,Cloudiness,Wind Speed,Country,Date
0,codrington,-38.2667,141.9667,13.13,82,90,9.53,AU,2024-08-25 15:36:55
1,middletown,39.5151,-84.3983,31.19,61,0,2.06,US,2024-08-25 15:34:25
2,zheleznodorozhnyy,55.7503,38.0042,25.75,51,0,0.73,RU,2024-08-25 15:36:56
3,puerto natales,-51.7236,-72.4875,4.25,87,75,1.03,CL,2024-08-25 15:36:56
4,ginir,7.1333,40.7,17.23,66,100,4.26,ET,2024-08-25 15:36:56
5,lihue,21.9789,-159.3672,24.77,89,75,8.75,US,2024-08-25 15:36:56
6,ulluaya,42.3738,47.3745,14.12,87,58,2.33,RU,2024-08-25 15:36:56
7,alice springs,-23.7,133.8833,17.75,48,25,0.0,AU,2024-08-25 15:36:56
8,harar,9.3094,42.1258,15.61,80,94,1.6,ET,2024-08-25 15:36:56
9,taltal,-25.4,-70.4833,15.63,73,48,1.91,CL,2024-08-25 15:36:56
10,port-aux-francais,-49.35,70.2167,3.73,86,83,13.53,TF,2024-08-25 15:36:56
11,narrabri,-30.3167,149.7833,16.96,84,99,3.51,AU,2024-08-25 15:36:56
12,petropavlovsk-kamchatsky,53.0452,158.6483,10.33,87,0,1.0,RU,2024-08-25 15:36:57
13,lethem,3.3803,-59.7968,35.21,40,73,3.01,GY,2024-08-25 15:36:57
14,waitangi,-43.9535,-176.5597,11.57,95,100,4.47,NZ,2024-08-25 15:36:57
15,adamstown,-25.066,-130.1015,20.67,77,100,10.13,PN,2024-08-25 15:36:57
16,myingyan,21.4667,95.3833,25.09,87,91,5.66,MM,2024-08-25 15:36:57
17,richards bay,-28.783,32.0377,19.45,77,28,2.74,ZA,2024-08-25 15:36:57
18,margaret river,-33.95,115.0667,16.12,79,74,7.67,AU,2024-08-25 15:36:57
19,kandete,-9.15,33.8,14.71,55,82,0.73,TZ,2024-08-25 15:36:57
20,avarua,-21.2078,-159.775,22.03,73,75,7.72,CK,2024-08-25 15:36:57
21,udachny,66.4167,112.4,9.64,88,100,5.16,RU,2024-08-25 15:36:58
22,ushuaia,-54.8,-68.3,7.81,66,40,3.09,AR,2024-08-25 15:36:58
23,jamestown,42.097,-79.2353,25.57,59,20,1.54,US,2024-08-25 15:36:58
24,tiksi,71.6872,128.8694,3.26,93,100,4.41,RU,2024-08-25 15:36:58
25,nar'yan-mar,67.6713,53.087,13.29,87,65,3.04,RU,2024-08-25 15:36:58
26,i-n-salah,27.1935,2.4607,42.62,10,0,6.47,DZ,2024-08-25 15:36:58
27,san patricio,28.017,-97.5169,30.97,48,3,4.33,US,2024-08-25 15:36:58
28,cockburn town,21.4612,-71.1419,28.51,73,2,6.03,TC,2024-08-25 15:36:58
29,utrik,11.2278,169.8474,28.51,80,88,7.7,MH,2024-08-25 15:36:59
30,seydi,39.4816,62.9137,28.25,17,0,5.47,TM,2024-08-25 15:36:59
31,tomatlan,19.9333,-105.25,29.62,63,66,0.25,MX,2024-08-25 15:36:59
32,yuzhno-kurilsk,44.0306,145.8556,15.34,82,100,4.01,RU,2024-08-25 15:36:59
33,kerikeri,-35.2268,173.9474,8.4,94,33,1.23,NZ,2024-08-25 15:36:59
34,georgetown,5.4112,100.3354,27.96,87,20,1.54,MY,2024-08-25 15:36:59
35,tazovsky,67.4667,78.7,10.62,76,20,1.8,RU,2024-08-25 15:36:59
36,tyul'gan,52.3405,56.166,12.05,92,68,0.76,RU,2024-08-25 15:36:59
37,hithadhoo,-0.6,73.0833,28.03,75,100,3.72,MV,2024-08-25 15:36:59
38,chinde,26.8212,87.7095,24.53,93,44,1.4,NP,2024-08-25 15:36:59
39,remire-montjoly,4.9167,-52.2667,33.02,58,20,3.09,GF,2024-08-25 15:37:00
40,albany,42.6001,-73.9662,23.69,65,65,0.88,US,2024-08-25 15:37:00
41,grytviken,-54.2811,-36.5092,-1.78,63,4,2.56,GS,2024-08-25 15:37:00
42,anadyr,64.75,177.4833,6.28,70,75,6.0,RU,2024-08-25 15:37:00
43,watford city,47.8022,-103.2832,21.92,68,0,3.6,US,2024-08-25 15:37:00
44,haiku-pauwela,20.9219,-156.3051,24.57,94,100,10.73,US,2024-08-25 15:37:00
45,chicoana,-25.1009,-65.5331,12.03,37,7,3.29,AR,2024-08-25 15:35:19
46,vail,32.0479,-110.712,30.14,44,53,0.89,US,2024-08-25 15:35:05
47,edinburgh of the seven seas,-37.0676,-12.3116,10.93,72,71,10.0,SH,2024-08-25 15:37:00
48,holualoa,19.6228,-155.9522,21.91,99,75,4.12,US,2024-08-25 15:37:01
49,afaahiti,-17.75,-149.2833,22.19,82,100,10.6,PF,2024-08-25 15:37:01
50,kalmunai,7.4167,81.8167,28.72,71,17,1.04,LK,2024-08-25 15:37:01
51,yellowknife,62.456,-114.3525,15.79,70,20,2.57,CA,2024-08-25 15:37:01
52,mersing,2.4312,103.8405,23.95,100,20,2.57,MY,2024-08-25 15:37:01
53,guerrero negro,27.9769,-114.0611,22.6,66,0,5.54,MX,2024-08-25 15:36:58
54,dunda,-8.1167,34.25,22.8,25,12,2.62,TZ,2024-08-25 15:37:01
55,dhamar,14.5427,44.4051,17.74,75,53,4.16,YE,2024-08-25 15:37:01
56,stanley,54.868,-1.6985,14.04,85,75,5.14,GB,2024-08-25 15:37:01
57,ilebo,-4.3167,20.5833,35.81,20,38,1.06,CD,2024-08-25 15:37:01
58,papatowai,-46.5619,169.4708,3.38,86,29,0.76,NZ,2024-08-25 15:37:02
59,blackmans bay,-43.0167,147.3167,12.07,89,95,0.45,AU,2024-08-25 15:37:02
60,tutoia,-2.7619,-42.2744,30.71,52,41,5.99,BR,2024-08-25 15:37:02
61,belmonte,-15.8631,-38.8828,26.93,55,24,3.91,BR,2024-08-25 15:37:02
62,constantia,44.1833,28.65,29.38,74,0,6.05,RO,2024-08-25 15:33:08
63,emkhomazi,-30.2067,30.7978,19.23,73,77,4.32,ZA,2024-08-25 15:37:02
64,puerto ayora,-0.7393,-90.3518,19.19,94,58,3.13,EC,2024-08-25 15:37:02
65,ikalamavony,-21.15,46.5833,15.98,63,1,4.88,MG,2024-08-25 15:37:02
66,phalodi,27.1333,72.3667,34.17,44,42,5.92,IN,2024-08-25 15:37:02
67,san luis de la loma,17.2706,-100.8939,29.56,70,2,1.44,MX,2024-08-25 15:37:02
68,punta arenas,-53.15,-70.9167,5.06,87,100,3.09,CL,2024-08-25 15:35:57
69,kodiak,57.79,-152.4072,9.73,66,0,6.17,US,2024-08-25 15:37:03
70,totness,5.8833,-56.3167,32.67,52,56,3.25,SR,2024-08-25 15:37:03
71,ta`u,-14.2336,-169.5144,26.29,84,94,8.55,AS,2024-08-25 15:37:03
72,bethel,41.3712,-73.414,27.47,61,0,0.0,US,2024-08-25 15:37:03
73,port lincoln,-34.7333,135.8667,13.32,86,20,6.09,AU,2024-08-25 15:37:03
74,likiep,9.8251,169.3107,28.42,79,99,5.55,MH,2024-08-25 15:37:03
75,kudahuvadhoo,2.6708,72.8944,28.18,73,90,3.65,MV,2024-08-25 15:37:03
76,hawaiian paradise park,19.5933,-154.9731,24.94,98,100,8.23,US,2024-08-25 15:37:03
77,tocache,-8.1842,-76.5125,28.96,58,90,1.33,PE,2024-08-25 15:33:35
78,geraldton,-28.7667,114.6,11.23,93,26,1.54,AU,2024-08-25 15:37:04
79,tsiombe,-25.3,45.4833,19.89,66,0,6.4,MG,2024-08-25 15:37:04
80,kavalerovo,44.2661,135.0572,15.23,98,97,0.99,RU,2024-08-25 15:37:04
81,ko pha ngan,9.7578,100.0291,25.38,74,100,7.82,TH,2024-08-25 15:37:04
82,badger,64.8,-147.5333,3.93,98,0,2.06,US,2024-08-25 15:37:04
83,thompson,55.7435,-97.8558,21.09,88,75,3.09,CA,2024-08-25 15:37:04
84,zhezqazghan,47.7833,67.7667,18.32,34,20,3.0,KZ,2024-08-25 15:37:04
85,yasnyy,51.0333,59.8742,16.75,58,84,3.11,RU,2024-08-25 15:37:04
86,nova sintra,14.8667,-24.7167,26.15,78,100,8.67,CV,2024-08-25 15:37:04
87,quatre cocos,-20.2078,57.7625,21.16,60,72,10.84,MU,2024-08-25 15:37:05
88,nelson bay,-32.7167,152.15,18.33,82,100,1.79,AU,2024-08-25 15:37:05
89,moyynkum,44.2914,72.9469,22.29,23,93,3.83,KZ,2024-08-25 15:37:05
90,west island,-12.1568,96.8225,26.99,89,75,8.75,CC,2024-08-25 15:37:05
91,howard springs,-12.497,131.047,26.95,92,0,1.29,AU,2024-08-25 15:37:05
92,sint michiel liber,12.15,-68.9833,32.9,70,20,5.66,CW,2024-08-25 15:37:05
93,luanda,-8.8368,13.2343,21.42,79,56,7.13,AO,2024-08-25 15:37:05
94,isafjordur,66.0755,-23.124,6.02,87,100,5.66,IS,2024-08-25 15:37:05
95,quellon,-43.1167,-73.6167,8.22,84,100,6.43,CL,2024-08-25 15:32:12
96,yangzhou,32.3972,119.4358,25.6,93,93,2.8,CN,2024-08-25 15:37:06
97,kapuskasing,49.4169,-82.4331,25.05,57,75,3.6,CA,2024-08-25 15:33:02
98,east london,-33.0153,27.9116,17.52,82,75,5.66,ZA,2024-08-25 15:37:06
99,vorgashor,67.5833,63.95,14.64,69,99,2.84,RU,2024-08-25 15:37:06
100,ibatiba,-20.2339,-41.5106,29.82,32,1,1.79,BR,2024-08-25 15:37:06
101,uturoa,-16.7333,-151.4333,25.2,76,100,11.32,PF,2024-08-25 15:37:06
102,arraial do cabo,-22.9661,-42.0278,22.92,78,100,6.69,BR,2024-08-25 15:35:24
103,urucara,-2.5364,-57.76,38.17,25,36,3.27,BR,2024-08-25 15:37:06
104,vilyuchinsk,52.9306,158.4028,11.15,90,99,4.25,RU,2024-08-25 15:37:06
105,carutapera,-1.195,-46.02,32.23,50,68,5.7,BR,2024-08-25 15:37:06
106,lukolela,-1.0605,17.1821,30.38,45,52,1.44,CD,2024-08-25 15:37:07
107,enewetak,11.3474,162.3373,28.55,70,76,5.18,MH,2024-08-25 15:37:07
108,mazatlan,23.2167,-106.4167,27.17,90,100,0.0,MX,2024-08-25 15:35:02
109,san miguel,13.4833,-88.1833,29.85,72,7,0.18,SV,2024-08-25 15:34:23
110,kargil,34.5667,76.1,16.1,36,39,4.27,IN,2024-08-25 15:37:07
111,mirandopolis,-21.1336,-51.1017,15.28,37,98,8.29,BR,2024-08-25 15:37:07
112,ilulissat,69.2167,-51.1,4.01,100,75,4.63,GL,2024-08-25 15:37:07
113,asentamiento humano nicolas de pierola,-11.95,-76.7,27.6,34,7,4.19,PE,2024-08-25 15:37:07
114,port elizabeth,-33.918,25.5701,18.16,79,0,4.63,ZA,2024-08-25 15:37:07
115,sao vicente,-23.9631,-46.3919,14.99,26,100,2.57,BR,2024-08-25 15:34:36
116,muleshoe,34.2265,-102.7238,31.63,32,0,4.53,US,2024-08-25 15:37:08
117,al bawiti,28.3492,28.8659,36.71,19,0,3.85,EG,2024-08-25 15:37:08
118,cidreira,-30.1811,-50.2056,13.23,51,10,9.15,BR,2024-08-25 15:37:08
119,sayre,41.979,-76.5155,26.21,68,12,1.17,US,2024-08-25 15:34:58
120,fale old settlement,-9.3852,-171.2468,27.89,75,12,6.92,TK,2024-08-25 15:37:08
121,mocoreta,-30.6189,-57.9634,12.79,51,0,2.55,AR,2024-08-25 15:37:08
122,college,64.8569,-147.8028,6.0,92,75,2.06,US,2024-08-25 15:37:08
123,newman,37.3138,-121.0208,20.58,63,0,3.58,US,2024-08-25 15:37:08
124,pacific grove,36.6177,-121.9166,18.01,86,0,3.13,US,2024-08-25 15:37:08
125,prado,-17.3411,-39.2208,26.18,62,5,5.01,BR,2024-08-25 15:37:09
126,st. john's,47.5649,-52.7093,25.71,59,0,8.23,CA,2024-08-25 15:36:52
127,zemio,5.0314,25.1361,23.72,92,94,0.4,CF,2024-08-25 15:37:09
128,gunjur,13.2019,-16.7339,31.04,74,75,3.09,GM,2024-08-25 15:37:09
129,skeldon,5.8833,-57.1333,33.67,49,52,1.94,GY,2024-08-25 15:37:09
130,keflavik,64.0049,-22.5624,10.24,66,75,6.17,IS,2024-08-25 15:37:09
131,bel ombre,-4.6167,55.4167,26.91,83,75,5.66,SC,2024-08-25 15:37:09
132,invercargill,-46.4,168.35,2.79,95,78,0.45,NZ,2024-08-25 15:37:09
133,khandyga,62.6667,135.6,14.0,85,100,2.11,RU,2024-08-25 15:37:09
134,port mathurin,-19.6833,63.4167,21.51,63,93,12.64,MU,2024-08-25 15:37:10
135,sultanhisar,37.8897,28.1575,32.58,24,45,4.26,TR,2024-08-25 15:37:10
136,saipan,15.1355,145.701,28.39,83,20,2.06,MP,2024-08-25 15:37:10
137,vandenberg village,34.7083,-120.4677,15.71,100,20,2.06,US,2024-08-25 15:37:10
138,guadalupe y calvo,26.1,-106.9667,21.86,43,87,0.75,MX,2024-08-25 15:37:10
139,awjilah,29.1081,21.2869,36.79,18,0,6.55,LY,2024-08-25 15:37:10
140,lerwick,60.1545,-1.1494,12.38,84,100,7.43,GB,2024-08-25 15:37:10
141,polyarnyy,69.1989,33.4478,15.59,57,96,9.98,RU,2024-08-25 15:37:10
142,acapulco de juarez,16.8634,-99.8901,29.9,66,40,1.54,MX,2024-08-25 15:37:11
143,longyearbyen,78.2186,15.6401,10.91,71,75,9.77,SJ,2024-08-25 15:37:11
144,el bolson,-41.9667,-71.5167,10.6,53,100,1.28,AR,2024-08-25 15:37:11
145,hermanus,-34.4187,19.2345,14.75,72,100,7.13,ZA,2024-08-25 15:37:11
146,kuytun,54.3419,101.5036,17.09,72,79,3.77,RU,2024-08-25 15:37:11
147,goundam,16.4145,-3.6708,34.2,40,25,2.59,ML,2024-08-25 15:37:11
148,aasiaat,68.7098,-52.8699,2.88,92,100,2.58,GL,2024-08-25 15:34:23
149,ash shatrah,31.4117,46.1742,45.05,11,0,1.65,IQ,2024-08-25 15:37:11
150,ugoofaaru,5.6667,73.0,27.77,76,100,3.76,MV,2024-08-25 15:37:11
151,the pas,53.8251,-101.2541,22.01,88,75,4.63,CA,2024-08-25 15:37:11
152,hirara,24.8,125.2833,27.92,100,40,3.09,JP,2024-08-25 15:37:12
153,mahina,-17.5065,-149.489,22.87,83,75,2.57,PF,2024-08-25 15:37:12
154,smithers,54.7804,-127.1743,12.18,62,75,1.03,CA,2024-08-25 15:37:12
155,fada,7.25,4.0667,28.37,74,75,3.6,NG,2024-08-25 15:37:12
156,mek'ele,13.4967,39.4753,18.81,82,53,2.13,ET,2024-08-25 15:37:12
157,bodo,67.28,14.405,15.53,73,40,8.23,NO,2024-08-25 15:37:12
158,margate,51.3813,1.3862,20.39,56,59,1.34,GB,2024-08-25 15:37:12
159,vila franca do campo,37.7167,-25.4333,26.23,54,93,0.73,PT,2024-08-25 15:37:12
160,happy valley-goose bay,53.3168,-60.3315,26.17,41,20,2.06,CA,2024-08-25 15:37:12
161,springbok,-29.6643,17.8865,16.42,27,43,2.95,ZA,2024-08-25 15:37:13
162,baguio,16.4164,120.5931,17.03,89,97,1.84,PH,2024-08-25 15:37:13
163,san clemente del tuyu,-36.3569,-56.7235,10.58,67,23,4.9,AR,2024-08-25 15:37:13
164,gadzhiyevo,69.2551,33.3362,15.86,57,93,9.44,RU,2024-08-25 15:37:13
165,frenda,35.0654,1.0495,32.94,22,55,3.4,DZ,2024-08-25 15:37:13
166,la passe,45.5549,-0.8967,20.51,45,1,7.2,FR,2024-08-25 15:37:13
167,hamilton,39.1834,-84.5333,31.6,57,20,3.6,US,2024-08-25 15:31:34
168,tanjung pandan,-2.75,107.65,25.61,81,85,3.31,ID,2024-08-25 15:37:13
169,jawf al maqbabah,13.8378,45.8349,25.9,68,14,5.18,YE,2024-08-25 15:37:13
170,talnakh,69.4865,88.3972,12.32,74,99,2.36,RU,2024-08-25 15:37:13
171,atafu village,-8.5421,-172.5159,28.05,72,14,8.11,TK,2024-08-25 15:37:14
172,wailua homesteads,22.0669,-159.378,24.44,88,75,8.75,US,2024-08-25 15:33:13
173,isla vista,34.4133,-119.861,24.06,73,0,2.06,US,2024-08-25 15:37:14
174,iqaluit,63.7506,-68.5145,9.85,66,75,1.54,CA,2024-08-25 15:37:14
175,dzhambeyty,50.2536,52.595,23.14,49,91,3.58,KZ,2024-08-25 15:37:14
176,port moresby,-9.4431,147.1797,23.16,87,100,4.75,PG,2024-08-25 15:37:14
177,labytnangi,66.6572,66.4183,15.54,72,89,1.65,RU,2024-08-25 15:37:14
178,klaipeda,55.7172,21.1175,19.03,85,11,8.29,LT,2024-08-25 15:35:39
179,akureyri,65.6835,-18.0878,6.96,87,75,3.09,IS,2024-08-25 15:37:14
180,kaa-khem,51.6833,94.7333,23.62,43,100,1.71,RU,2024-08-25 15:37:15
181,priargunsk,50.3691,119.1012,15.0,62,43,3.7,RU,2024-08-25 15:37:15
182,piet retief,-27.0071,30.8132,16.67,40,0,2.67,ZA,2024-08-25 15:37:15
183,saint-pierre,-21.3393,55.4781,20.82,60,100,8.23,RE,2024-08-25 15:37:15
184,jaito,30.4667,74.8833,30.0,67,9,3.13,IN,2024-08-25 15:37:15
185,ha'il,27.5219,41.6907,41.01,13,0,3.09,SA,2024-08-25 15:37:15
186,midvagur,62.0511,-7.1939,12.46,76,20,4.12,FO,2024-08-25 15:37:15
187,filingue,14.3521,3.3168,34.78,38,100,5.92,NE,2024-08-25 15:37:15
188,hami,42.8,93.45,32.61,22,8,3.7,CN,2024-08-25 15:37:16
189,filderstadt,48.657,9.2205,21.71,51,0,2.06,DE,2024-08-25 15:37:16
190,praia da vitoria,38.7333,-27.0667,28.14,57,20,2.18,PT,2024-08-25 15:37:16
191,colipapa,9.4726,122.5616,27.94,76,99,2.82,PH,2024-08-25 15:37:16
192,chudovo,59.1167,31.6833,21.29,66,2,3.57,RU,2024-08-25 15:37:16
193,rotorua,-38.1387,176.2452,4.87,100,91,0.6,NZ,2024-08-25 15:37:16
194,jesup,31.6074,-81.8854,28.3,74,100,2.57,US,2024-08-25 15:37:16
195,egilsstadir,65.2653,-14.3948,9.95,71,75,7.72,IS,2024-08-25 15:37:16
196,trumann,35.6737,-90.5073,29.06,40,4,2.93,US,2024-08-25 15:37:16
197,weno,7.4515,151.8468,28.13,75,100,2.86,FM,2024-08-25 15:37:17
198,mindif,10.3976,14.4363,24.01,81,100,3.13,CM,2024-08-25 15:37:17
199,port augusta,-32.5,137.7667,11.18,77,0,4.22,AU,2024-08-25 15:37:17
200,torbat-e jam,35.244,60.6225,28.99,18,0,6.74,IR,2024-08-25 15:37:17
201,laguna,38.421,-121.4238,17.25,79,0,2.06,US,2024-08-25 15:37:17
202,howrah,22.5892,88.3103,27.0,94,100,1.54,IN,2024-08-25 15:37:17
203,rio grande,-32.035,-52.0986,11.5,66,71,10.2,BR,2024-08-25 15:37:18
204,iskateley,67.6803,53.1512,13.21,88,69,2.97,RU,2024-08-25 15:37:18
205,murashi,59.3999,48.9615,18.27,71,100,1.98,RU,2024-08-25 15:37:18
206,anqiu,36.4342,119.1925,25.61,89,100,1.85,CN,2024-08-25 15:37:18
207,jayapura,-2.5333,140.7,26.66,93,100,2.81,ID,2024-08-25 15:37:18
208,itaituba,-4.2761,-55.9836,33.09,58,20,1.54,BR,2024-08-25 15:32:37
209,gemena,3.25,19.7667,27.31,65,55,0.47,CD,2024-08-25 15:37:18
210,olonkinbyen,70.9221,-8.7187,3.75,98,100,9.7,SJ,2024-08-25 15:37:18
211,bredasdorp,-34.5322,20.0403,14.75,64,98,2.17,ZA,2024-08-25 15:37:18
212,suva,-18.1416,178.4415,20.71,100,100,3.6,FJ,2024-08-25 15:37:18
213,argo,37.6333,22.7333,32.08,34,23,3.55,GR,2024-08-25 15:37:19
214,agat village,13.3886,144.6585,27.42,94,0,0.0,GU,2024-08-25 15:37:19
215,alaghsas,17.0187,8.0168,38.94,29,0,5.14,NE,2024-08-25 15:37:19
216,birjand,32.8663,59.2211,29.26,12,0,8.23,IR,2024-08-25 15:37:19
217,queenstown,-31.8976,26.8753,15.73,14,4,3.24,ZA,2024-08-25 15:37:19
218,papao,-17.75,-149.55,22.82,83,100,11.78,PF,2024-08-25 15:37:19
219,iquique,-20.2208,-70.1431,17.38,69,2,1.57,CL,2024-08-25 15:36:48
220,rio preto da eva,-2.6994,-59.6997,37.85,25,31,2.87,BR,2024-08-25 15:37:19
221,dudinka,69.4058,86.1778,11.8,79,100,0.34,RU,2024-08-25 15:37:19
222,kodinsk,58.6881,99.1844,16.44,98,99,2.85,RU,2024-08-25 15:37:19
223,qaqortoq,60.7167,-46.0333,5.27,89,33,3.12,GL,2024-08-25 15:37:20
224,kapa'a,22.0752,-159.319,25.18,86,75,8.75,US,2024-08-25 15:37:20
225,nabire,-3.3667,135.4833,24.02,94,100,1.54,ID,2024-08-25 15:37:20
226,ebon,4.582,168.6964,28.18,72,100,1.4,MH,2024-08-25 15:37:20
227,freeport,40.6576,-73.5832,29.1,57,0,3.6,US,2024-08-25 15:37:20
228,lompoc,34.6391,-120.4579,16.23,100,20,2.06,US,2024-08-25 15:37:20
229,bardai,11.65,7.2333,27.49,67,100,4.15,NG,2024-08-25 15:37:20
230,mar del plata,-38.0023,-57.5575,9.18,79,75,4.63,AR,2024-08-25 15:29:03
231,raduzhny,62.0961,77.475,15.1,61,100,6.09,RU,2024-08-25 15:37:20
232,mareeba,-17.0,145.4333,15.69,89,67,0.65,AU,2024-08-25 15:37:21
233,itanagar,27.1,93.6167,24.26,97,57,1.9,IN,2024-08-25 15:37:21
234,thinadhoo,0.5333,72.9333,27.73,77,100,3.8,MV,2024-08-25 15:37:21
235,mitu,1.1983,-70.1733,34.47,45,64,1.17,CO,2024-08-25 15:37:21
236,majengo,-5.15,38.9833,22.77,82,65,3.43,TZ,2024-08-25 15:37:21
237,suluru,13.7,80.0167,30.96,59,100,1.1,IN,2024-08-25 15:37:21
238,chernyshevskiy,63.0128,112.4714,10.56,80,25,1.43,RU,2024-08-25 15:37:21
239,elliot lake,46.3834,-82.6331,26.21,49,66,2.34,CA,2024-08-25 15:37:21
240,punahana,27.8667,77.2,28.26,78,0,4.14,IN,2024-08-25 15:37:21
241,muynoq,43.7683,59.0214,22.72,50,100,4.87,UZ,2024-08-25 15:37:22
242,cill airne,52.05,-9.5167,17.17,73,36,7.53,IE,2024-08-25 15:37:22
243,guane,22.2025,-84.0875,32.14,59,52,3.79,CU,2024-08-25 15:37:22
244,magadan,59.5667,150.8,9.66,88,32,1.57,RU,2024-08-25 15:37:22
245,delemont,47.3649,7.3445,21.93,59,52,0.46,CH,2024-08-25 15:37:22
246,chipinge,-20.1883,32.6236,18.12,39,2,3.32,ZW,2024-08-25 15:37:22
247,kirakira,-10.4544,161.9205,23.32,88,100,3.49,SB,2024-08-25 15:37:22
248,bilibino,68.0546,166.4372,5.7,80,100,0.77,RU,2024-08-25 15:37:22
249,susuman,62.7833,148.1667,11.88,61,100,2.21,RU,2024-08-25 15:37:22
250,qingquan,30.4511,115.2559,28.98,67,99,1.76,CN,2024-08-25 15:37:22
251,breckenridge,32.7557,-98.9023,32.11,45,0,4.24,US,2024-08-25 15:36:58
252,serpa,37.9458,-7.5975,36.35,19,0,4.28,PT,2024-08-25 15:37:23
253,lianhe,47.1333,129.2667,14.75,97,51,1.23,CN,2024-08-25 15:37:23
254,bandon,51.7469,-8.7425,16.77,69,43,9.24,IE,2024-08-25 15:37:23
255,nishinoomote,30.7333,131.0,28.29,80,11,5.48,JP,2024-08-25 15:37:23
256,den helder,52.9599,4.7593,18.99,59,40,8.23,NL,2024-08-25 15:37:23
257,klyuchi,52.2667,79.1667,13.83,80,85,6.18,RU,2024-08-25 15:37:23
258,sitka,57.0531,-135.33,13.94,88,100,6.17,US,2024-08-25 15:37:23
259,ust'-kalmanka,52.1207,83.305,15.9,55,48,5.23,RU,2024-08-25 15:37:24
260,waat,51.1454,6.4958,22.77,55,0,3.09,DE,2024-08-25 15:37:24
261,arkalyk,50.2486,66.9114,15.19,46,12,2.47,KZ,2024-08-25 15:34:19
262,dumai,1.6833,101.45,23.06,98,100,1.03,ID,2024-08-25 15:37:24
263,manokwari,-0.8667,134.0833,25.29,80,99,0.84,ID,2024-08-25 15:37:24
264,kukuna,9.4,-12.6667,23.4,98,100,0.68,SL,2024-08-25 15:37:24
265,tazacorte,28.629,-17.9293,26.54,77,20,6.69,ES,2024-08-25 15:37:24
266,mesyagutovo,55.5303,58.2528,13.69,79,19,1.88,RU,2024-08-25 15:37:24
267,tseri,35.075,33.3208,33.05,52,20,2.57,CY,2024-08-25 15:37:24
268,antsiranana,-12.2787,49.2917,24.42,64,40,8.23,MG,2024-08-25 15:37:25
269,luderitz,-26.6481,15.1594,16.48,64,0,8.27,NA,2024-08-25 15:37:25
270,chui,-33.6971,-53.4616,9.81,76,96,6.68,UY,2024-08-25 15:35:49
271,sandnessjoen,66.0217,12.6316,12.06,82,75,5.66,NO,2024-08-25 15:37:25
272,selfoss,63.9331,-20.9971,10.58,65,86,4.14,IS,2024-08-25 15:37:25
273,patterson,37.4716,-121.1297,18.86,49,0,4.45,US,2024-08-25 15:37:25
274,kingston,17.997,-76.7936,33.98,62,20,1.54,JM,2024-08-25 15:35:12
275,papa,47.33,17.4674,33.96,33,0,3.6,HU,2024-08-25 15:37:25
276,mikkeli,61.6886,27.2723,23.06,64,0,6.17,FI,2024-08-25 15:37:25
277,plastun,44.7561,136.2939,13.78,94,71,0.7,RU,2024-08-25 15:37:25
278,whitehorse,60.7161,-135.0538,8.43,90,100,5.14,CA,2024-08-25 15:37:26
279,carnarvon,-24.8667,113.6333,18.86,77,16,7.01,AU,2024-08-25 15:37:26
280,lae,-6.7221,146.9847,23.42,88,100,2.45,PG,2024-08-25 15:37:26
281,aykhal,66.0,111.5,9.59,94,100,5.2,RU,2024-08-25 15:37:26
282,messaad,34.1543,3.5031,37.94,14,67,5.76,DZ,2024-08-25 15:37:26
283,hasaki,35.7333,140.8333,27.17,79,6,4.96,JP,2024-08-25 15:37:26
284,kendari,-3.945,122.4989,22.69,95,85,1.32,ID,2024-08-25 15:37:26
285,riyadh,24.6877,46.7219,40.09,13,14,6.37,SA,2024-08-25 15:36:52
286,smolensk,55.0,33.0,21.83,73,0,1.7,RU,2024-08-25 15:37:26
287,clarksville,36.5298,-87.3595,29.97,43,0,3.09,US,2024-08-25 15:27:59
288,camocim,-2.9022,-40.8411,32.64,48,33,6.82,BR,2024-08-25 15:37:27
289,tamiahua,21.2667,-97.45,29.54,70,0,1.78,MX,2024-08-25 15:37:27
290,buala,-8.145,159.5921,26.07,82,99,5.31,SB,2024-08-25 15:37:27
291,sampit,-2.5333,112.95,23.84,91,61,1.26,ID,2024-08-25 15:37:27
292,lebu,-37.6167,-73.65,11.41,56,98,2.93,CL,2024-08-25 15:37:27
293,rabaul,-4.1967,152.1721,25.46,86,99,4.42,PG,2024-08-25 15:37:27
294,ribeira grande,38.5167,-28.7,24.22,88,75,2.06,PT,2024-08-25 15:37:27
295,hope,33.6671,-93.5916,31.24,32,0,2.15,US,2024-08-25 15:37:27
296,sanica,44.6142,16.6411,32.0,39,49,2.66,BA,2024-08-25 15:37:27
297,tura,25.5198,90.2201,24.33,90,25,2.78,IN,2024-08-25 15:37:28
298,jagna,9.6531,124.3697,24.3,88,99,5.33,PH,2024-08-25 15:37:28
299,boguchany,58.3814,97.4531,14.76,96,97,0.28,RU,2024-08-25 15:37:28
300,ilhabela,-23.7781,-45.3581,16.51,88,100,3.94,BR,2024-08-25 15:37:28
301,pedernales,18.0384,-71.744,29.92,63,1,4.27,DO,2024-08-25 15:37:28
302,bougouni,11.417,-7.479,27.86,76,66,2.67,ML,2024-08-25 15:37:28
303,tezpur,26.6333,92.8,27.46,88,31,1.56,IN,2024-08-25 15:37:28
304,vilyuysk,63.7553,121.6247,13.32,82,77,3.82,RU,2024-08-25 15:37:28
305,kailua-kona,19.6406,-155.9956,23.98,99,75,4.12,US,2024-08-25 15:35:29
306,port maria,18.3685,-76.8895,31.01,65,70,4.64,JM,2024-08-25 15:37:29
307,ubari,26.5921,12.7805,37.79,20,0,5.74,LY,2024-08-25 15:37:29
308,oamaru,-45.0784,170.9801,6.34,89,100,1.13,NZ,2024-08-25 15:37:29
309,bredy,52.4153,60.3411,15.55,66,83,0.7,RU,2024-08-25 15:37:29
310,ostersund,63.1792,14.6357,18.12,68,0,3.6,SE,2024-08-25 15:37:29
311,taoudenni,22.6783,-3.9836,43.69,16,9,0.86,ML,2024-08-25 15:37:29
312,ghadamis,30.1337,9.5007,37.67,16,0,6.33,LY,2024-08-25 15:37:29
313,zhatay,62.1594,129.8294,16.03,88,40,3.0,RU,2024-08-25 15:37:29
314,yingchuan,34.1628,113.4639,26.76,92,100,2.35,CN,2024-08-25 15:37:29
315,saint-philippe,-21.3585,55.7679,19.65,73,77,7.72,RE,2024-08-25 15:37:30
316,lat yao,15.751,99.7893,24.71,94,100,2.86,TH,2024-08-25 15:37:30
317,camapua,-19.5314,-54.0439,17.15,32,97,7.67,BR,2024-08-25 15:37:30
318,kupang,-10.1667,123.5833,24.45,90,1,4.09,ID,2024-08-25 15:37:30
319,stung treng,13.5259,105.9683,25.23,92,100,1.07,KH,2024-08-25 15:37:30
320,linxia chengguanzhen,35.6003,103.2064,16.31,89,100,1.58,CN,2024-08-25 15:37:30
321,la libertad,-2.2333,-80.9,21.81,78,40,2.06,EC,2024-08-25 15:37:30
322,saldanha,-33.0117,17.9442,17.03,76,68,5.39,ZA,2024-08-25 15:37:31
323,cabo san lucas,22.8909,-109.9124,30.98,51,40,8.75,MX,2024-08-25 15:34:06
324,ar rutbah,33.0381,40.2848,35.62,17,0,4.55,IQ,2024-08-25 15:37:31
325,rio gallegos,-51.6226,-69.2181,6.03,70,0,4.12,AR,2024-08-25 15:36:59
326,champerico,14.3,-91.9167,28.84,67,39,1.27,GT,2024-08-25 15:37:31
327,port alfred,-33.5906,26.891,17.88,82,52,0.89,ZA,2024-08-25 15:37:31
328,barra de santo antonio,-9.4047,-35.5072,25.76,60,26,5.24,BR,2024-08-25 15:34:19
329,cabedelo,-6.9811,-34.8339,28.37,72,40,8.49,BR,2024-08-25 15:37:31
330,campo verde,-20.4167,-54.0667,12.0,47,100,6.1,BR,2024-08-25 15:37:31
331,nemuro,43.3236,145.575,15.63,86,100,3.93,JP,2024-08-25 15:37:31
332,isangel,-19.55,169.2667,21.05,89,6,3.7,VU,2024-08-25 15:37:32
333,chibougamau,49.9168,-74.3659,17.79,88,100,1.54,CA,2024-08-25 15:37:32
334,gizo,-8.103,156.8419,26.65,81,99,8.64,SB,2024-08-25 15:37:32
335,saint-joseph,-21.3667,55.6167,20.21,72,60,8.1,RE,2024-08-25 15:37:32
336,tobelo,1.7284,128.0095,26.5,79,34,0.91,ID,2024-08-25 15:37:32
337,qa'en,33.7265,59.1844,25.52,19,0,9.96,IR,2024-08-25 15:37:32
338,pijijiapan,15.7011,-93.23,31.79,57,90,1.63,MX,2024-08-25 15:37:32
339,conduaga,8.862,117.4893,26.29,86,89,1.61,PH,2024-08-25 15:37:32
340,prince albert,53.2001,-105.7677,16.97,63,75,6.17,CA,2024-08-25 15:37:32
341,huarmey,-10.0681,-78.1522,19.82,75,54,4.34,PE,2024-08-25 15:37:33
342,northam,51.0333,-4.2167,17.56,83,99,10.45,GB,2024-08-25 15:37:33
343,faaborg,55.0951,10.2423,18.2,60,5,7.47,DK,2024-08-25 15:37:33
344,belle fourche,44.6714,-103.8522,21.73,31,100,7.59,US,2024-08-25 15:37:33
345,brenham,30.1669,-96.3977,32.68,65,0,3.35,US,2024-08-25 15:37:33
346,bokhan,53.153,103.7714,16.34,63,29,4.08,RU,2024-08-25 15:37:33
347,davie,26.0629,-80.2331,32.78,67,40,4.63,US,2024-08-25 15:35:07
348,quiberon,47.4841,-3.1196,20.11,49,1,5.97,FR,2024-08-25 15:37:33
349,nema,57.5067,50.5011,20.35,54,100,2.26,RU,2024-08-25 15:37:33
350,touros,-5.1989,-35.4608,28.7,56,61,8.77,BR,2024-08-25 15:36:23
351,niafunke,15.9322,-3.9906,33.96,42,18,3.62,ML,2024-08-25 15:37:34
352,kigorobya,1.6162,31.3089,22.71,69,89,2.25,UG,2024-08-25 15:37:34
353,taroa,8.7058,171.2275,28.18,78,12,5.29,MH,2024-08-25 15:37:34
354,karratha,-20.7377,116.8463,23.85,39,1,3.93,AU,2024-08-25 15:37:34
355,chanika,-5.4167,38.0167,21.87,61,99,2.06,TZ,2024-08-25 15:37:34
356,amboasary,-25.0333,46.3833,19.37,63,0,4.8,MG,2024-08-25 15:37:34
357,el nido,11.1858,119.3956,27.3,89,98,3.85,PH,2024-08-25 15:37:34
358,ardanuc,41.1274,42.0629,22.78,93,86,2.27,TR,2024-08-25 15:37:34
359,tatarsk,55.219,75.9828,12.72,97,99,5.88,RU,2024-08-25 15:37:34
360,eraan,9.0629,117.7016,26.05,88,95,2.55,PH,2024-08-25 15:37:35
361,pisco,-13.7,-76.2167,18.9,72,22,2.57,PE,2024-08-25 15:37:35
362,lubango,-14.9172,13.4925,26.57,10,24,3.35,AO,2024-08-25 15:37:35
363,barabai,-2.5833,115.3833,23.03,92,53,0.99,ID,2024-08-25 15:37:35
364,kruisfontein,-34.0033,24.7314,13.6,76,1,3.54,ZA,2024-08-25 15:37:35
365,namibe,-15.1961,12.1522,20.48,73,28,3.05,AO,2024-08-25 15:37:35
366,ancud,-41.8697,-73.8203,8.57,76,100,4.59,CL,2024-08-25 15:37:35
367,phan rang-thap cham,11.5667,108.9833,24.25,88,100,1.44,VN,2024-08-25 15:37:35
368,riachao das neves,-11.7461,-44.91,34.65,17,4,2.9,BR,2024-08-25 15:37:35
369,kismayo,-0.3582,42.5454,25.05,81,11,6.77,SO,2024-08-25 15:37:35
370,paita,-5.0892,-81.1144,20.98,70,8,5.8,PE,2024-08-25 15:37:36
371,kohlu,29.8962,69.252,28.15,45,77,1.47,PK,2024-08-25 15:37:36
372,ialibu,-6.2821,143.9935,14.85,100,100,0.17,PG,2024-08-25 15:37:36
373,tabou,4.423,-7.3528,25.97,71,74,2.88,CI,2024-08-25 15:37:36
374,alekseyevskoye,55.3071,50.1135,19.43,79,32,2.33,RU,2024-08-25 15:37:36
375,westport,41.1415,-73.3579,27.81,67,100,0.45,US,2024-08-25 15:37:36
376,burpengary east,-27.1424,152.9996,18.05,80,1,1.16,AU,2024-08-25 15:37:36
377,iranshahr,27.2025,60.6848,40.19,9,20,4.12,IR,2024-08-25 15:37:36
378,namsos,64.4662,11.4957,14.95,67,75,5.14,NO,2024-08-25 15:37:36
379,bata,1.8639,9.7658,26.24,74,88,4.65,GQ,2024-08-25 15:37:36
380,swakopmund,-22.6833,14.5333,15.25,74,38,5.21,NA,2024-08-25 15:37:37
381,qamdo,31.1667,97.2333,7.13,80,65,2.06,CN,2024-08-25 15:37:37
382,nola,40.922,14.5329,35.09,48,75,2.89,IT,2024-08-25 15:37:37
383,pirot,43.1531,22.5861,30.56,21,0,4.33,RS,2024-08-25 15:37:37
384,ust-nera,64.5667,143.2,13.02,74,96,2.76,RU,2024-08-25 15:37:37
385,big bend,-26.8167,31.9333,21.57,56,0,3.76,SZ,2024-08-25 15:37:37
386,luganville,-15.5333,167.1667,21.65,78,12,2.34,VU,2024-08-25 15:37:37
387,esmeraldas,-19.7625,-44.3139,31.39,19,0,2.97,BR,2024-08-25 15:37:37
388,roja,57.5,22.8167,21.48,69,15,7.28,LV,2024-08-25 15:37:37
389,shindand,33.3029,62.1474,30.1,16,0,10.66,AF,2024-08-25 15:37:37
390,turpan,42.9333,89.1667,36.35,22,24,4.13,CN,2024-08-25 15:37:38
391,tralee,52.2704,-9.7026,16.5,75,23,7.49,IE,2024-08-25 15:37:38
392,soio,-6.1349,12.3689,22.99,78,49,4.75,AO,2024-08-25 15:37:38
393,arpacay,40.8487,43.3291,15.14,75,82,4.66,TR,2024-08-25 15:37:38
394,praia,14.9215,-23.5087,30.3,54,75,10.8,CV,2024-08-25 15:37:38
395,iskenderun,36.5872,36.1735,32.46,82,1,2.62,TR,2024-08-25 15:37:38
396,puerto baquerizo moreno,-0.9,-89.6,21.55,78,40,7.2,EC,2024-08-25 15:37:38
397,tenenkou,14.4572,-4.9169,32.01,51,38,4.84,ML,2024-08-25 15:37:39
398,sompeta,18.9333,84.6,27.95,78,100,2.71,IN,2024-08-25 15:37:39
399,nsanje,-16.92,35.262,25.45,39,7,2.54,MW,2024-08-25 15:37:39
400,zambezi,-13.5432,23.1047,28.27,14,31,2.34,ZM,2024-08-25 15:37:39
401,gorontalo,0.5412,123.0595,23.4,98,43,0.81,ID,2024-08-25 15:37:39
402,sisimiut,66.9395,-53.6735,6.09,70,92,3.83,GL,2024-08-25 15:37:39
403,greymouth,-42.4667,171.2,11.0,96,100,1.4,NZ,2024-08-25 15:37:39
404,cleator moor,54.5214,-3.5159,13.86,89,100,6.26,GB,2024-08-25 15:37:39
405,samana,19.2056,-69.3369,31.12,74,40,2.06,DO,2024-08-25 15:37:40
406,klaksvik,62.2266,-6.589,10.13,79,97,5.02,FO,2024-08-25 15:37:40
407,tangalle,6.024,80.7911,26.09,88,60,3.89,LK,2024-08-25 15:37:40
408,ushibukamachi,32.1906,130.0228,27.09,82,35,1.66,JP,2024-08-25 15:37:40
409,fisterra,42.9049,-9.2629,19.25,66,5,11.55,ES,2024-08-25 15:37:40
410,karlovo,42.6333,24.8,31.29,25,13,3.38,BG,2024-08-25 15:37:40
411,rodolfo sanchez taboada,31.7167,-116.5667,19.5,64,0,0.89,MX,2024-08-25 15:37:40
412,ponta delgada,37.7333,-25.6667,26.4,53,20,3.09,PT,2024-08-25 15:37:40
413,north branch,45.5113,-92.9802,26.43,87,95,0.89,US,2024-08-25 15:37:40
414,x-can,20.8593,-87.6697,29.09,72,89,1.82,MX,2024-08-25 15:37:41
415,suoyarvi,62.0833,32.35,19.06,56,1,4.95,RU,2024-08-25 15:37:41
416,sandusky,41.3501,-83.1332,29.41,66,38,0.45,US,2024-08-25 15:37:41
417,puerto madero,14.7208,-92.4215,29.11,79,75,0.0,MX,2024-08-25 15:37:41
418,idanre,7.1127,5.1159,23.4,92,100,1.26,NG,2024-08-25 15:37:41
419,reggane,26.7158,0.1714,44.67,9,5,5.26,DZ,2024-08-25 15:37:41
420,bonthe,7.5264,-12.505,26.37,81,100,6.04,SL,2024-08-25 15:37:41
421,funafuti,-8.5243,179.1942,27.0,94,20,1.03,TV,2024-08-25 15:37:41
422,lautoka,-17.6167,177.4667,20.92,83,100,5.14,FJ,2024-08-25 15:37:41
423,onguday,50.75,86.15,9.91,82,25,1.75,RU,2024-08-25 15:37:42
424,suwayr,30.1171,40.3893,38.82,15,0,3.68,SA,2024-08-25 15:37:42
425,laojunmiao,39.8333,97.7333,18.03,69,5,5.17,CN,2024-08-25 15:37:42
426,marsh harbour,26.5412,-77.0636,29.25,72,26,5.67,BS,2024-08-25 15:37:42
427,ilembula,-8.9,34.5833,20.09,31,18,4.9,TZ,2024-08-25 15:37:42
428,flying fish cove,-10.4217,105.6791,24.82,88,100,5.66,CX,2024-08-25 15:37:42
429,mailsi,29.8003,72.1758,35.79,37,20,4.79,PK,2024-08-25 15:37:42
430,shenjiamen,29.9576,122.298,27.31,89,3,4.66,CN,2024-08-25 15:37:42
431,gangtok,27.3333,88.6167,21.8,96,92,0.95,IN,2024-08-25 15:35:50
432,yacimiento rio turbio,-51.5732,-72.3508,0.66,87,75,1.03,AR,2024-08-25 15:37:43
433,praya,14.9215,-23.5087,30.3,54,75,10.8,CV,2024-08-25 15:37:38
434,ouadda,8.0777,22.4007,23.69,90,77,1.57,CF,2024-08-25 15:37:43
435,knyaze-volkonskoye,48.4642,135.4567,18.19,95,99,3.02,RU,2024-08-25 15:37:43
436,nova vicosa,-17.8919,-39.3719,27.53,56,0,6.27,BR,2024-08-25 15:37:43
437,esquel,-42.9,-71.3167,7.24,51,100,1.23,AR,2024-08-25 15:37:43
438,cobh,51.8572,-8.2992,17.84,77,75,7.72,IE,2024-08-25 15:37:43
439,vila velha,-20.3297,-40.2925,27.19,66,20,2.06,BR,2024-08-25 15:36:15
440,cidade velha,14.9167,-23.6167,30.26,54,75,10.8,CV,2024-08-25 15:37:43
441,brecon,51.9461,-3.3889,15.67,84,96,9.21,GB,2024-08-25 15:37:44
442,maintirano,-18.0667,44.0167,24.42,73,11,5.33,MG,2024-08-25 15:37:44
443,copala,16.65,-98.9833,28.66,65,55,1.8,MX,2024-08-25 15:37:44
444,byaroza,52.5314,24.9786,28.02,41,77,3.42,BY,2024-08-25 15:37:44
445,trairi,-3.2778,-39.2689,30.25,49,18,7.48,BR,2024-08-25 15:32:52
446,aginskoye,51.1,114.53,13.27,49,0,1.51,RU,2024-08-25 15:37:44
447,kone,-21.0595,164.8658,19.71,78,30,1.14,NC,2024-08-25 15:37:44
448,ingeniero jacobacci,-41.3427,-69.5448,7.79,40,100,8.38,AR,2024-08-25 15:37:44
449,bamboo flat,11.7,92.7167,27.05,89,40,1.03,IN,2024-08-25 15:37:45
450,al jahra',29.3375,47.6581,37.41,39,0,3.48,KW,2024-08-25 15:37:45
451,lakatoro,-16.0999,167.4164,20.55,76,4,3.31,VU,2024-08-25 15:37:45
452,brisas de zicatela,15.8369,-97.0419,27.29,83,40,1.54,MX,2024-08-25 15:37:45
453,portland,45.5234,-122.6762,16.01,90,75,0.45,US,2024-08-25 15:26:15
454,gulbene,57.1777,26.7529,25.33,51,16,3.96,LV,2024-08-25 15:37:45
455,camalu,30.85,-116.0667,20.19,73,0,2.61,MX,2024-08-25 15:37:45
456,murzuq,25.9155,13.9184,38.9,19,0,6.07,LY,2024-08-25 15:37:45
457,viedma,-40.8135,-62.9967,13.38,33,0,6.37,AR,2024-08-25 15:37:45
458,la ronge,55.1001,-105.2842,18.14,59,40,5.14,CA,2024-08-25 15:37:46
459,maragogi,-9.0122,-35.2225,25.91,63,48,5.94,BR,2024-08-25 15:37:46
460,gebeit,21.0667,36.3167,32.58,41,20,4.57,SD,2024-08-25 15:37:46
461,la paz,-16.5,-68.15,15.88,48,20,1.54,BO,2024-08-25 15:29:32
462,mitchell,43.7094,-98.0298,24.99,94,100,4.63,US,2024-08-25 15:37:46
463,naze,28.3667,129.4833,25.51,84,69,1.07,JP,2024-08-25 15:37:46
464,mondlo,-27.983,30.7177,18.55,48,8,5.14,ZA,2024-08-25 15:37:46
465,borkum,53.5809,6.6915,18.11,64,17,8.96,DE,2024-08-25 15:37:46
466,kosterevo,55.9299,39.6144,21.75,66,0,0.78,RU,2024-08-25 15:37:46
467,ceylanpinar,36.8472,40.05,34.2,28,0,4.85,TR,2024-08-25 15:37:47
468,rikaze,29.25,88.8833,13.26,53,100,3.31,CN,2024-08-25 15:37:47
469,cole harbour,44.6724,-63.4751,26.66,69,4,1.34,CA,2024-08-25 15:37:47
470,sao jose da coroa grande,-8.8978,-35.1478,26.04,63,33,5.96,BR,2024-08-25 15:37:47
471,chonchi,-42.6128,-73.8092,9.51,74,100,2.67,CL,2024-08-25 15:37:47
472,glace bay,46.1969,-59.957,27.87,66,68,3.58,CA,2024-08-25 15:37:47
473,piracuruca,-3.9281,-41.7092,39.7,19,26,2.5,BR,2024-08-25 15:37:47
474,lagunas,-5.2269,-75.6753,36.62,36,8,1.06,PE,2024-08-25 15:37:47
475,el granada,37.5027,-122.4694,18.95,81,0,0.0,US,2024-08-25 15:37:47
476,greenville,35.6127,-77.3663,27.85,75,0,1.54,US,2024-08-25 15:37:48
477,onega,63.9061,38.1404,18.38,59,0,3.04,RU,2024-08-25 15:37:48
478,primero de mayo,-32.2552,-58.4228,12.68,47,0,4.28,AR,2024-08-25 15:37:48
479,nizhniy odes,63.6445,54.856,13.56,95,30,2.47,RU,2024-08-25 15:37:48
480,port macquarie,-31.4333,152.9167,17.26,93,100,1.34,AU,2024-08-25 15:37:48
481,ad dilam,23.9915,47.1627,39.8,15,94,7.74,SA,2024-08-25 15:37:48
482,san antonio de pale,-1.4014,5.6325,24.21,78,36,4.18,GQ,2024-08-25 15:37:48
483,gua musang,4.8823,101.9644,22.74,98,100,0.91,MY,2024-08-25 15:37:48
484,huatabampo,26.8333,-109.6333,31.41,54,94,2.01,MX,2024-08-25 15:34:36
485,nuuk,64.1835,-51.7216,4.34,93,75,4.63,GL,2024-08-25 15:37:49
486,bezhetsk,57.7851,36.6965,20.8,58,0,1.54,RU,2024-08-25 15:37:49
487,kentau,43.5206,68.5094,21.35,21,82,7.4,KZ,2024-08-25 15:37:49
488,copiapo,-27.3667,-70.3333,22.33,14,0,2.84,CL,2024-08-25 15:26:55
489,rockland,41.1668,-74.0496,28.8,61,68,1.45,US,2024-08-25 15:35:45
490,algona,43.07,-94.233,25.05,100,40,3.6,US,2024-08-25 15:37:49
491,kangding,30.0513,101.9603,17.16,95,99,1.43,CN,2024-08-25 15:37:49
492,coyhaique,-45.5752,-72.0662,6.44,75,100,0.83,CL,2024-08-25 15:35:16
493,pitimbu,-7.4706,-34.8086,25.91,67,48,7.86,BR,2024-08-25 15:37:49
494,mount gambier,-37.8333,140.7667,11.95,90,72,5.78,AU,2024-08-25 15:37:50
495,faya-largeau,17.9257,19.1043,39.19,25,52,2.75,TD,2024-08-25 15:37:50
496,houghton,47.1219,-88.569,24.86,81,0,3.09,US,2024-08-25 15:33:22
497,palmer,42.1584,-72.3287,24.39,73,75,0.0,US,2024-08-25 15:35:29
498,puerto el triunfo,13.2833,-88.55,29.86,68,36,1.13,SV,2024-08-25 15:37:50
499,punta gorda,26.9298,-82.0454,32.25,72,20,3.09,US,2024-08-25 15:37:50
500,severo-yeniseyskiy,60.3725,93.0408,11.77,98,47,1.91,RU,2024-08-25 15:37:51
501,charkhari,25.4,79.75,26.68,87,95,4.09,IN,2024-08-25 15:37:51
502,eagle pass,28.7091,-100.4995,30.71,65,0,2.57,US,2024-08-25 15:37:51
503,san julian,21.0167,-102.1667,19.23,69,2,3.59,MX,2024-08-25 15:37:51
504,santiago de cao,-7.9589,-79.2392,17.07,88,75,3.6,PE,2024-08-25 15:37:51
505,nikolayevsk-on-amure,53.1406,140.73,13.48,74,98,1.55,RU,2024-08-25 15:37:51
506,gisborne,-38.6533,178.0042,11.14,68,79,3.78,NZ,2024-08-25 15:33:32
507,salinopolis,-0.6136,-47.3561,30.08,63,84,6.26,BR,2024-08-25 15:37:51
508,varginha,-21.5514,-45.4303,26.8,33,37,3.55,BR,2024-08-25 15:35:01
509,kotabumi,-4.8333,104.9,23.72,82,36,3.39,ID,2024-08-25 15:34:59
510,crane,31.3974,-102.3501,29.55,45,1,6.3,US,2024-08-25 15:37:52
511,durant,33.994,-96.3708,32.24,51,0,5.14,US,2024-08-25 15:37:05
512,amarante do maranhao,-5.5667,-46.7422,37.34,20,10,2.83,BR,2024-08-25 15:37:52
513,qarauyl,48.9451,79.255,14.11,56,9,2.62,KZ,2024-08-25 15:37:52
514,coahuayana de hidalgo,18.7,-103.6583,30.58,62,48,0.41,MX,2024-08-25 15:37:52
515,denison,33.7557,-96.5367,32.91,60,11,1.34,US,2024-08-25 15:37:52
516,tripoli,32.8752,13.1875,29.39,56,0,4.54,LY,2024-08-25 15:37:52
517,khovd,48.0056,91.6419,16.5,46,0,4.27,MN,2024-08-25 15:37:52
518,youghal,51.95,-7.8506,18.07,68,44,9.27,IE,2024-08-25 15:37:52
519,mocimboa,-11.3167,40.35,24.3,75,87,5.88,MZ,2024-08-25 15:37:53
520,arno,60.1167,18.6333,19.17,47,100,8.86,SE,2024-08-25 15:37:53
521,lys'va,58.1086,57.8053,13.85,79,78,0.66,RU,2024-08-25 15:37:53
522,juneau,58.3019,-134.4197,12.0,98,100,10.29,US,2024-08-25 15:37:53
523,ulladulla,-35.35,150.4667,18.98,64,6,9.39,AU,2024-08-25 15:37:53
524,sinop,41.7711,34.8709,19.82,84,4,1.99,TR,2024-08-25 15:37:53
525,jacmel,18.2342,-72.5347,30.45,65,7,3.34,HT,2024-08-25 15:37:53
526,colonia,50.9333,6.95,23.87,37,6,0.45,DE,2024-08-25 15:37:53
527,glendive,47.1053,-104.7125,26.22,33,33,7.54,US,2024-08-25 15:37:54
528,semey,50.4111,80.2275,16.12,72,0,4.0,KZ,2024-08-25 15:37:54
529,cambria,35.5641,-121.0808,19.63,56,0,1.53,US,2024-08-25 15:37:54
530,novaya mayna,54.15,49.75,19.65,76,61,2.49,RU,2024-08-25 15:37:54
531,shushenskoye,53.325,91.9356,15.24,92,92,2.74,RU,2024-08-25 15:37:54
532,changyon,38.2508,125.0961,23.06,76,78,1.02,KP,2024-08-25 15:37:54
533,lamia,38.9,22.4333,31.71,45,37,2.65,GR,2024-08-25 15:37:54
534,sant lluis,39.8526,4.2594,27.22,78,40,8.23,ES,2024-08-25 15:37:54
535,agaro,7.85,36.65,17.25,96,97,1.16,ET,2024-08-25 15:37:55
536,goba,7.0167,39.9833,10.88,95,99,2.14,ET,2024-08-25 15:37:55
537,dorado,18.4588,-66.2677,32.74,73,0,1.79,PR,2024-08-25 15:37:55
538,shillong,25.5689,91.8831,18.63,97,72,2.9,IN,2024-08-25 15:37:55
539,kavaratti,10.5669,72.642,26.86,85,100,6.26,IN,2024-08-25 15:37:55
540,belyy yar,53.6039,91.3903,17.94,77,40,3.0,RU,2024-08-25 15:37:55
541,nguigmi,14.2495,13.1092,34.72,41,99,5.85,NE,2024-08-25 15:37:55
542,fort mcmurray,56.7268,-111.381,12.77,82,100,6.69,CA,2024-08-25 15:37:28
543,roma,43.2128,-75.4557,25.38,61,21,0.89,US,2024-08-25 15:37:56
544,zhangye,38.9342,100.4517,21.76,58,13,2.17,CN,2024-08-25 15:37:56
545,mogadishu,2.0371,45.3438,25.93,83,75,7.72,SO,2024-08-25 15:37:56
546,taguatinga,-12.3857,-46.5711,36.62,13,0,2.74,BR,2024-08-25 15:37:56
547,ribeira brava,32.65,-17.0667,27.29,55,18,0.98,PT,2024-08-25 15:37:56
548,mirnyy,62.5353,113.9611,10.01,87,11,1.99,RU,2024-08-25 15:37:56
549,vadso,70.0744,29.7487,14.09,72,95,6.17,NO,2024-08-25 15:37:56
550,labrador city,52.9463,-66.9114,23.99,46,40,2.68,CA,2024-08-25 15:37:57
551,callao,-12.0667,-77.15,23.73,88,100,2.57,PE,2024-08-25 15:36:40
552,san pedro,14.35,121.0167,25.57,95,100,2.57,PH,2024-08-25 15:37:57
553,mpulungu,-8.7623,31.1141,25.47,34,69,1.53,ZM,2024-08-25 15:34:13
554,oranjemund,-28.55,16.4333,14.15,72,1,6.24,NA,2024-08-25 15:37:57
555,morales,2.757,-76.6172,25.99,43,47,1.57,CO,2024-08-25 15:37:57
556,ad dabbah,18.05,30.95,36.65,32,74,4.86,SD,2024-08-25 15:37:57
557,byron bay,-28.65,153.6167,18.0,84,4,4.66,AU,2024-08-25 15:37:57
558,embi,48.8264,58.1442,23.36,32,64,3.56,KZ,2024-08-25 15:37:57
559,saint-amand-montrond,46.75,2.5,21.82,35,46,1.9,FR,2024-08-25 15:37:57
560,tolanaro,-25.0319,46.9987,21.04,73,20,9.26,MG,2024-08-25 15:37:58
561,ola,59.5833,151.2833,10.05,85,37,1.31,RU,2024-08-25 15:37:58
562,bubaque,11.2833,-15.8333,26.12,80,100,3.85,GW,2024-08-25 15:37:58
563,al qusiyah,27.4402,30.8184,37.85,16,0,3.83,EG,2024-08-25 15:37:58
564,kourou,5.1552,-52.6478,31.98,52,74,4.8,GF,2024-08-25 15:37:58
565,taulaga,-11.0553,-171.0883,27.56,78,17,6.5,AS,2024-08-25 15:37:58
566,beloyarskiy,63.7119,66.6722,12.55,74,5,0.4,RU,2024-08-25 15:37:58
567,undurkhaan,47.3194,110.6556,17.22,64,21,1.87,MN,2024-08-25 15:37:58
568,ohara,35.25,140.3833,26.38,85,58,3.83,JP,2024-08-25 15:37:59
569,cerro azul,21.2,-97.7333,27.38,72,0,1.29,MX,2024-08-25 15:37:59
570,eyl,7.9803,49.8164,26.16,74,100,11.75,SO,2024-08-25 15:37:59
571,malango,-2.9627,119.9001,19.61,99,99,0.72,ID,2024-08-25 15:37:59
